Farm.Name,Altitude,Region,altitude_low_meters,altitude_high_meters,altitude_mean_meters,FarmID
metad plc,1830.9876708757638,guji-hambela,1950.0,2200.0,2075.0,1
Unknown,1830.9876708757638,Peru,1812.3495975560081,1849.6257441955195,1830.9876708757638,2
tulla coffee farm,1830.9876708757638,"snnp/kaffa zone,gimbowereda",1795.0,1850.0,1822.5,3
el filo,1830.9876708757638,antioquia,1872.0,1872.0,1872.0,4
los cedros,1830.9876708757638,antioquia,1943.0,1943.0,1943.0,5
el águila,1830.9876708757638,antioquia,2080.0,2080.0,2080.0,6
echo coffee,1830.9876708757638,yunnan,1450.0,1450.0,1450.0,7
drima zede,1830.9876708757638,gedio,1700.0,2000.0,1850.0,8
el rodeo,1830.9876708757638,antioquia,2019.0,2019.0,2019.0,9
several,1830.9876708757638,san ramon,1300.0,1300.0,1300.0,10
la herradura,1830.9876708757638,xalapa,1320.0,1320.0,1320.0,11
la curva,1830.9876708757638,antioquia,2112.0,2112.0,2112.0,12
fazenda kaquend,1830.9876708757638,south of minas,1250.0,1250.0,1250.0,13
chebonet (23) women coffee,1830.9876708757638,kapchorwa eastern,1950.0,1950.0,1950.0,14
tsoustructive garden 鄒築園,1830.9876708757638,"leye, alishan township, chiayi county",1200.0,1200.0,1200.0,15
fazenda recreio,1830.9876708757638,vale da grama,1300.0,1300.0,1300.0,16
exclusive coffees s.a.,1830.9876708757638,west and central valley,1300.0,1300.0,1300.0,17
kangunu,1830.9876708757638,muranga,1800.0,1800.0,1800.0,18
Unknown,1830.9876708757638,kona,1812.3495975560081,1849.6257441955195,1830.9876708757638,19
la primavera,1830.9876708757638,antioquia,1941.0,1941.0,1941.0,20
co-op #12,1830.9876708757638,chiang rai,1300.0,1300.0,1300.0,21
sunshine valley estate 向陽高山咖啡,1830.9876708757638,natou county,1000.0,1000.0,1000.0,22
jungle estate,1830.9876708757638,nyeri,1754.0,1754.0,1754.0,23
ecobio colombia,1830.9876708757638,tolima,900.0,1500.0,1200.0,24
kianjavi,1830.9876708757638,kiambu,1520.0,2200.0,1860.0,25
Unknown,1830.9876708757638,"sipi, mt elgon",1400.0,1900.0,1650.0,26
la esperanza y anexos,1830.9876708757638,nuevo oriente,1812.3495975560081,1849.6257441955195,1830.9876708757638,27
sipi organic coffee project,1830.9876708757638,eastern,1400.0,1900.0,1650.0,28
Unknown,1830.9876708757638,huila,1800.0,1800.0,1800.0,29
la berlina estate,1830.9876708757638,boquete,1600.0,1600.0,1600.0,30
valparaiso,1830.9876708757638,acatenango,1524.0,1524.0,1524.0,31
finca el limon,1830.9876708757638,nuevo oriente,1417.32,1417.32,1417.32,32
seid damtew coffee planation,1830.9876708757638,addis ababa,1812.3495975560081,1849.6257441955195,1830.9876708757638,33
el majahual,1830.9876708757638,apaneca,1500.0,1500.0,1500.0,34
finca la esmeralda,1830.9876708757638,"ataco, apaneca - ilamatepec mountain range",1300.0,1400.0,1350.0,35
elida estate,1830.9876708757638,boquete,1680.0,1680.0,1680.0,36
inoi,1830.9876708757638,kirinyaga,1900.0,1900.0,1900.0,37
Unknown,1830.9876708757638,oromia,1800.0,2000.0,1900.0,38
buginyanya,1830.9876708757638,bulambuli eastern region,1600.0,1600.0,1600.0,39
asoperc,1830.9876708757638,huehuetenango,1706.88,1755.648,1731.264,40
chesiyo farmer group,1830.9876708757638,kapchorwa,1950.0,1950.0,1950.0,41
fazenda serra de três barras,1830.9876708757638,south of minas,1250.0,1250.0,1250.0,42
pu'er city longke coffee co.ltd,1830.9876708757638,yunnan,1700.0,1700.0,1700.0,43
el injerto s.a.,1830.9876708757638,huehuetenango,1770.0,1770.0,1770.0,44
several,1830.9876708757638,west valley,1300.0,1300.0,1300.0,45
Unknown,1830.9876708757638,central kenya,1600.0,1600.0,1600.0,46
Unknown,1830.9876708757638,central kenya,1200.0,1200.0,1200.0,47
various,1830.9876708757638,santander,1550.0,1550.0,1550.0,48
Unknown,1830.9876708757638,santander,1550.0,1550.0,1550.0,49
Unknown,1830.9876708757638,lintong,1250.0,1400.0,1325.0,50
coop. hoja blanca - fedecocagua,1830.9876708757638,huehuetenango,1400.0,1400.0,1400.0,51
seid damtew coffee planation,1830.9876708757638,"kefa zone, gimbo distict, at a place called woka araba, south west ethiopia.",1812.3495975560081,1849.6257441955195,1830.9876708757638,52
Unknown,1830.9876708757638,pasto,2560.0,2560.0,2560.0,53
Unknown,1830.9876708757638,cundinamarca,2136.0,2136.0,2136.0,54
mount elgon area,1830.9876708757638,eastern uganda,1800.0,1800.0,1800.0,55
Unknown,1830.9876708757638,huila,1812.3495975560081,1849.6257441955195,1830.9876708757638,56
estate la patricia,1830.9876708757638,tarrazu,1900.0,1900.0,1900.0,57
various,1830.9876708757638,veracruz,1300.0,1300.0,1300.0,58
machure estate,1830.9876708757638,central kenya,1580.0,1580.0,1580.0,59
sitío são geraldo,1830.9876708757638,grama valley,1100.0,1100.0,1100.0,60
Unknown,1830.9876708757638,huila,1600.0,1950.0,1775.0,61
baishengcun coffee 百勝村咖啡莊園,1830.9876708757638,natou county,800.0,800.0,800.0,62
hasambo amcos,1830.9876708757638,mbeya,1620.0,1620.0,1620.0,63
el suspiro,1830.9876708757638,coatepec,1200.0,1200.0,1200.0,64
fazenda grota funda,1830.9876708757638,south of minas,1200.0,1200.0,1200.0,65
sitio claro,1830.9876708757638,south of minas,1000.0,1000.0,1000.0,66
shi fang yuan 十方源,1830.9876708757638,"dongshan dist., tainan city 臺南市東山區",350.0,350.0,350.0,67
mt.elgon bugisu shamba 2,1830.9876708757638,eastern,1400.0,1900.0,1650.0,68
matsuzawa coffee,1830.9876708757638,thailand,1812.3495975560081,1849.6257441955195,1830.9876708757638,69
karatina,1830.9876708757638,nyeri,1800.0,1800.0,1800.0,70
cerro bueno,1830.9876708757638,marcala,1450.0,1450.0,1450.0,71
monterrey,1830.9876708757638,apaneca,1350.0,1350.0,1350.0,72
sran temanggung plantation,1830.9876708757638,"temanggung, indonesia",1200.0,1200.0,1200.0,73
ada farm,1830.9876708757638,ada okinawa japan,170.0,170.0,170.0,74
rio jorco,1830.9876708757638,tarrazu,1150.0,1150.0,1150.0,75
san diego buena vista,1830.9876708757638,acatenango,1600.0,1600.0,1600.0,76
coopetarrazú,1830.9876708757638,tarrazu,1750.0,1750.0,1750.0,77
moplaco,1830.9876708757638,yirgacheffe,1900.0,1900.0,1900.0,78
finca salaca las brisas,1830.9876708757638,costa rica,1750.0,1750.0,1750.0,79
various,1830.9876708757638,west valley,1200.0,1200.0,1200.0,80
dragon 龍咖啡,1830.9876708757638,taichung xinshe 台中市新社區,1000.0,1000.0,1000.0,81
Unknown,1830.9876708757638,nyeri,2000.0,2000.0,2000.0,82
agropecuaria quiagral,1830.9876708757638,oriente,1310.64,1310.64,1310.64,83
"el nogal, la higuera, los laureles",1830.9876708757638,el remudadero,1200.0,1200.0,1200.0,84
Unknown,1830.9876708757638,mbale,1700.0,1850.0,1775.0,85
Unknown,1830.9876708757638,santander,1500.0,1500.0,1500.0,86
blend,1830.9876708757638,nyeri,1800.0,1800.0,1800.0,87
el morito,1830.9876708757638,jalapa,1524.0,1524.0,1524.0,88
el papaturro,1830.9876708757638,oriente,1219.2,1219.2,1219.2,89
Unknown,1830.9876708757638,huila,1600.0,1900.0,1750.0,90
Unknown,1830.9876708757638,Kenya,1812.3495975560081,1849.6257441955195,1830.9876708757638,91
Unknown,1830.9876708757638,huila,1750.0,1750.0,1750.0,92
la chaparral,1830.9876708757638,tres rios,1450.0,1700.0,1575.0,93
various,1830.9876708757638,huila,1800.0,1800.0,1800.0,94
fazenda vista alegre,1830.9876708757638,mountains of minas gerais,1100.0,1100.0,1100.0,95
Unknown,1830.9876708757638,valle central,1200.0,1200.0,1200.0,96
kawacom sipi project,1830.9876708757638,eastern uganda,1750.0,1750.0,1750.0,97
menglian ban’an coffee processing factory,1830.9876708757638,yunnan,1680.0,1680.0,1680.0,98
coopetarrazú,1830.9876708757638,tarrazu,1700.0,1700.0,1700.0,99
Unknown,1830.9876708757638,cauca,1800.0,1800.0,1800.0,100
"puer jiangcheng fuwang coffee biotechnology co., ltd",1830.9876708757638,yunnan,1100.0,1100.0,1100.0,101
el sacramento,1830.9876708757638,oriente,1310.64,1310.64,1310.64,102
rumukia farmers,1830.9876708757638,nyeri,2000.0,2000.0,2000.0,103
la barranca,1830.9876708757638,hustusco,1350.0,1350.0,1350.0,104
finca el retiro,1830.9876708757638,jaltenango,1500.0,1500.0,1500.0,105
nueva granada,1830.9876708757638,"el tumbador, san marcos",1812.3495975560081,1849.6257441955195,1830.9876708757638,106
several farmers,1830.9876708757638,tarrazu,1300.0,1300.0,1300.0,107
darmawi,1830.9876708757638,sumatra brastagi,1400.0,1400.0,1400.0,108
Unknown,1830.9876708757638,pitalito,1812.3495975560081,1849.6257441955195,1830.9876708757638,109
tropica galliard,1830.9876708757638,"mountain ali, taiwan",1200.0,1200.0,1200.0,110
finca la chiripa,1830.9876708757638,tapachula,900.0,900.0,900.0,111
kigwandi,1830.9876708757638,nyeri,1800.0,1800.0,1800.0,112
los hicaques,1830.9876708757638,central region,1500.0,1500.0,1500.0,113
Unknown,1830.9876708757638,huila,442.0,442.0,442.0,114
la distancia,1830.9876708757638,tuxtla gutierrez,1700.0,1700.0,1700.0,115
馨晴咖啡 good mood coffee,1830.9876708757638,國姓鄉 guoshing township,1000.0,1000.0,1000.0,116
matsuzawa coffee,1830.9876708757638,chiang rai thailand,1200.0,1200.0,1200.0,117
Unknown,1830.9876708757638,nariño,2560.0,2560.0,2560.0,118
finca medina,1830.9876708757638,antigua,1500.0,1500.0,1500.0,119
finca san vicente,1830.9876708757638,huehuetenango,1099.4136,1099.4136,1099.4136,120
menglian county nayun town mangzhang coffee farm,1830.9876708757638,yunnan,1400.0,1400.0,1400.0,121
jacksom mwasenga,1830.9876708757638,shizingo village,1620.0,1620.0,1620.0,122
suma jkt itende,1830.9876708757638,mbeya,1600.0,1600.0,1600.0,123
Unknown,1830.9876708757638,cauca,1700.0,1700.0,1700.0,124
pante carajillo,1830.9876708757638,san pedro cotzilnam,1450.0,1450.0,1450.0,125
finca los barreales,1830.9876708757638,veracruz,1170.0,1170.0,1170.0,126
finca santa teresa,1830.9876708757638,"la concordia, chiapas",1400.0,1400.0,1400.0,127
Unknown,1830.9876708757638,kasese,1700.0,1700.0,1700.0,128
piamonte,1830.9876708757638,san marcos,1700.0,1700.0,1700.0,129
los girasoles,1830.9876708757638,tarrazu,1700.0,1700.0,1700.0,130
finca la joya,1830.9876708757638,huehuetenango,1116.7872,1116.7872,1116.7872,131
santo tomas pachuj,1830.9876708757638,solola,1565.0,1565.0,1565.0,132
chapultepec,1830.9876708757638,norte,3280.0,3280.0,3280.0,133
las nubes,1830.9876708757638,jinotega,900.0,1100.0,1000.0,134
pantano,1830.9876708757638,cerrado,1150.0,1150.0,1150.0,135
gamboa,1830.9876708757638,tarrazu,1850.0,1850.0,1850.0,136
asefa dukamo coffee plantation,1830.9876708757638,snnprg; kafa; telo woreda; shada kebele,1545.0,1668.0,1606.5,137
selian coffee estate,1830.9876708757638,arusha,1400.0,1400.0,1400.0,138
Unknown,1830.9876708757638,huila,1530.0,1530.0,1530.0,139
Unknown,1830.9876708757638,kenya,1.0,500.0,250.5,140
café do paraíso,1830.9876708757638,"minas gerais, br",894.0,1183.0,1038.5,141
la union monte verde,1830.9876708757638,oriente,1310.64,1310.64,1310.64,142
el limon,1830.9876708757638,guatemala,1812.3495975560081,1849.6257441955195,1830.9876708757638,143
Unknown,1830.9876708757638,mt. rwenzori,1500.0,1700.0,1600.0,144
"mus, eman",1830.9876708757638,aceh tengah,1812.3495975560081,1849.6257441955195,1830.9876708757638,145
chang yu liang 張玉良,1830.9876708757638,"nanxi dist., tainan city 臺南市楠西區",968.0,968.0,968.0,146
la esperanza y anexos,1830.9876708757638,oriente,1812.3495975560081,1849.6257441955195,1830.9876708757638,147
aprocafi,1830.9876708757638,"aldea xeucalvitz, ixil region, quiche department",1550.0,1550.0,1550.0,148
la lagunilla,1830.9876708757638,santo domingo cacalotepec,1480.0,1480.0,1480.0,149
Unknown,1830.9876708757638,"ethiopia, sidamo",1800.0,1800.0,1800.0,150
kerchanshe,1830.9876708757638,sidamo,1800.0,1800.0,1800.0,151
las cuchillas,1830.9876708757638,comayagua,1500.0,1500.0,1500.0,152
finca los cerros y anexos,1830.9876708757638,huehuetenango,1658.112,1755.648,1706.88,153
Unknown,1830.9876708757638,huila,1600.0,1600.0,1600.0,154
Unknown,1830.9876708757638,santander,1450.0,1450.0,1450.0,155
Unknown,1830.9876708757638,sidamo,1550.0,1550.0,1550.0,156
fazenda rio verde,1830.9876708757638,south of minas,1260.0,1260.0,1260.0,157
Unknown,1830.9876708757638,blend,1200.0,1200.0,1200.0,158
doi tung development project,1830.9876708757638,thailand,1812.3495975560081,1849.6257441955195,1830.9876708757638,159
-,1830.9876708757638,central kenya,1650.0,1650.0,1650.0,160
fazenda capoeirnha,1830.9876708757638,south of minas,890.0,890.0,890.0,161
cafetal,1830.9876708757638,veracruz,1300.0,1300.0,1300.0,162
saveg coffee farm,1830.9876708757638,chiangrai,1350.0,1350.0,1350.0,163
capoeirinha,1830.9876708757638,south of minas,934.0,934.0,934.0,164
tsoustructive garden 鄒築園,1830.9876708757638,"leye, alishan township, chiayi county 嘉義阿里山樂野村",1200.0,1200.0,1200.0,165
神谷山莊園,1830.9876708757638,台中和平區,950.0,950.0,950.0,166
finca cuetzalingo,1830.9876708757638,xicotepec de juarez,900.0,900.0,900.0,167
finca sant rosa,1830.9876708757638,la concordia,1500.0,1500.0,1500.0,168
comunidad la yerbabuena,1830.9876708757638,la yerbabuena,1400.0,1400.0,1400.0,169
Unknown,1830.9876708757638,nariño,2527.0,2527.0,2527.0,170
rio verde,1830.9876708757638,south of minas,1.0,1.0,1.0,171
鄉舍咖啡 hometown coffee,1830.9876708757638,"dongshan dist., tainan city 臺南市東山區",480.0,570.0,525.0,172
rio verde,1830.9876708757638,south of minas,1200.0,1200.0,1200.0,173
various,1830.9876708757638,central valley,1200.0,1400.0,1300.0,174
finca el morito,1830.9876708757638,oriente,1310.64,1310.64,1310.64,175
predio cañada del encino,1830.9876708757638,petatlan,1218.0,1218.0,1218.0,176
finca santa teresa,1830.9876708757638,"la concordia, chiapas",1300.0,1300.0,1300.0,177
fazenda do sertao,1830.9876708757638,carmo de minas,1250.0,1250.0,1250.0,178
Unknown,1830.9876708757638,nyeri,1800.0,1800.0,1800.0,179
崁頭山咖啡館 (kan tou mountain coffee),1830.9876708757638,"台南市東山區 (dongshan dist., tainan city)",750.0,750.0,750.0,180
pu’er specialty coffee cupping center,1830.9876708757638,yunnan,1650.0,1650.0,1650.0,181
erussi farmers group,1830.9876708757638,west nile,1400.0,1400.0,1400.0,182
hacienda caracolillo,1830.9876708757638,yauco region,853.44,853.44,853.44,183
Unknown,1830.9876708757638,huila,1500.0,1600.0,1550.0,184
naranjal,1830.9876708757638,"huazalingo, hidalgo",700.0,700.0,700.0,185
several farms,1830.9876708757638,quetzaltenango,1300.0,1300.0,1300.0,186
Unknown,1830.9876708757638,meru county,1700.0,1700.0,1700.0,187
los hicaques,1830.9876708757638,comayagua,1400.0,1400.0,1400.0,188
santa matilde,1830.9876708757638,jinotega,1250.0,1250.0,1250.0,189
Unknown,1830.9876708757638,huila,1550.0,1700.0,1625.0,190
finca las cuevitas,1830.9876708757638,huehuetenango,1356.6648,1356.6648,1356.6648,191
various,1830.9876708757638,huila supremo,1750.0,1750.0,1750.0,192
Unknown,1830.9876708757638,huila,1800.0,2000.0,1900.0,193
finca quequesquez,1830.9876708757638,oriente,1450.0,1450.0,1450.0,194
finca apoxtla,1830.9876708757638,xicotepec de juarez,1100.0,1100.0,1100.0,195
"ijen highland, east java",1830.9876708757638,east java,1200.0,1600.0,1400.0,196
finca medina,1830.9876708757638,"sacatepequez, guatemala",1524.0,1524.0,1524.0,197
finca santa clara,1830.9876708757638,huehuetenango,1128.3696,1128.3696,1128.3696,198
menglian mang pan professional cooperative,1830.9876708757638,yunnan,1100.0,1100.0,1100.0,199
exportadora café california,1830.9876708757638,"chiapas, jaltenango",1200.0,1200.0,1200.0,200
lomi tasha,1830.9876708757638,yirgacheffe,1700.0,2000.0,1850.0,201
bulamburi coffee farmers,1830.9876708757638,eastern,1800.0,1800.0,1800.0,202
Unknown,1830.9876708757638,cundinamarca,1600.0,1600.0,1600.0,203
dragon coffee 龍咖啡,1830.9876708757638,taichung xinshe 台中市新社區,1000.0,1000.0,1000.0,204
ojo de agua,1830.9876708757638,xalapa,1000.0,1000.0,1000.0,205
fazenda jericó,1830.9876708757638,south of minas,1100.0,1100.0,1100.0,206
Unknown,1830.9876708757638,cundinamarca,1799.0,1799.0,1799.0,207
Unknown,1830.9876708757638,tarrazu,1850.0,1850.0,1850.0,208
Unknown,1830.9876708757638,pitalito,1000.0,1000.0,1000.0,209
la esperanza,1830.9876708757638,oriente,1219.2,1219.2,1219.2,210
ano family,1830.9876708757638,nkure- meru,1400.0,1400.0,1400.0,211
yusrin,1830.9876708757638,bener meriah,1500.0,1500.0,1500.0,212
Unknown,1830.9876708757638,huila,1850.0,1850.0,1850.0,213
several,1830.9876708757638,atitlan,1400.0,1400.0,1400.0,214
Unknown,1830.9876708757638,cundinamarca,1650.0,1650.0,1650.0,215
los hicaques,1830.9876708757638,comayagua,1350.0,1350.0,1350.0,216
finca los barreales 1112lban,1830.9876708757638,xalapa,1170.0,1170.0,1170.0,217
Unknown,1830.9876708757638,chilón,940.0,940.0,940.0,218
la corralera,1830.9876708757638,totutla,1400.0,1400.0,1400.0,219
santo tomas pachuj,1830.9876708757638,atitlan,1524.0,1524.0,1524.0,220
conquista / morito,1830.9876708757638,oriente,1402.08,1402.08,1402.08,221
Unknown,1830.9876708757638,huila,439.0,439.0,439.0,222
bulago & buginyanya,1830.9876708757638,eastern,1800.0,1800.0,1800.0,223
matsuzawa coffee,1830.9876708757638,thailand,1200.0,1200.0,1200.0,224
la joya,1830.9876708757638,apaneca,1330.0,1330.0,1330.0,225
cachoeira da grama farm,1830.9876708757638,vale da grama,1812.3495975560081,1849.6257441955195,1830.9876708757638,226
ngila estate,1830.9876708757638,karatu northern,1600.0,1600.0,1600.0,227
Unknown,1830.9876708757638,huila,1813.0,1813.0,1813.0,228
el morito,1830.9876708757638,oriente,1310.64,1310.64,1310.64,229
various,1830.9876708757638,cundinamarca,1450.0,1450.0,1450.0,230
various,1830.9876708757638,huila,1650.0,1650.0,1650.0,231
Unknown,1830.9876708757638,guayata,1812.3495975560081,1849.6257441955195,1830.9876708757638,232
rio verde,1830.9876708757638,south of minas,1227.0,1227.0,1227.0,233
ecc,1830.9876708757638,chiapas,1200.0,1200.0,1200.0,234
various,1830.9876708757638,santander,1650.0,1650.0,1650.0,235
mondul coffee estate,1830.9876708757638,arusha,1700.0,1700.0,1700.0,236
el pino,1830.9876708757638,veracruz,1100.0,1100.0,1100.0,237
several,1830.9876708757638,central valley,1100.0,1300.0,1200.0,238
marre blanche,1830.9876708757638,"thiotte, haiti",1280.16,1280.16,1280.16,239
sogestal kayanza,1830.9876708757638,kayanza,1880.0,1880.0,1880.0,240
corta pico,1830.9876708757638,sierra madre occidental,1600.0,1600.0,1600.0,241
linda vista,1830.9876708757638,nuevo oriente,2100.0,2100.0,2100.0,242
kawacom uganda ltd sipi farmers group,1830.9876708757638,"sipi, mt elgon",1812.3495975560081,1849.6257441955195,1830.9876708757638,243
los charcos,1830.9876708757638,cuarenteño,1261.0,1261.0,1261.0,244
以勒咖啡,1830.9876708757638,南投國姓,800.0,800.0,800.0,245
Unknown,1830.9876708757638,eje cafetero,1483.0,1483.0,1483.0,246
various,1830.9876708757638,chiapas,1300.0,1300.0,1300.0,247
finca teocelo,1830.9876708757638,veracruz,1812.3495975560081,1849.6257441955195,1830.9876708757638,248
mata larga,1830.9876708757638,fortín de las flores,1000.0,1000.0,1000.0,249
água limpa,1830.9876708757638,grama valley,1200.0,1200.0,1200.0,250
Unknown,1830.9876708757638,huila,175.0,175.0,175.0,251
Unknown,1830.9876708757638,la plata,1600.0,1950.0,1775.0,252
beneficio el torreon,1830.9876708757638,oriente,1901.0,1901.0,1901.0,253
mamsera,1830.9876708757638,moshi,168.0,168.0,168.0,254
apollo estate,1830.9876708757638,dala,1550.0,1550.0,1550.0,255
bethel,1830.9876708757638,marcala,1450.0,1450.0,1450.0,256
chen lin,1830.9876708757638,yunnan,1200.0,1200.0,1200.0,257
yunnan success trade co.ltd,1830.9876708757638,dehong prefecture,1600.0,1600.0,1600.0,258
agua caliente,1830.9876708757638,apaneca,1350.0,1350.0,1350.0,259
"la esperanza, margarita nuyes",1830.9876708757638,oriente,1400.0,1900.0,1650.0,260
myanganyanga,1830.9876708757638,mbinga,1653.0,1653.0,1653.0,261
kaptanya,1830.9876708757638,eastern,1800.0,1800.0,1800.0,262
el cerron,1830.9876708757638,san marcos,1450.0,1450.0,1450.0,263
nueva granada,1830.9876708757638,san marcos,1524.0,1524.0,1524.0,264
Unknown,1830.9876708757638,kilimanjaro,1800.0,1800.0,1800.0,265
santa cecilia,1830.9876708757638,chiapas,1500.0,1500.0,1500.0,266
tlapacoya,1830.9876708757638,"tlanchinol, hidalgo",532.0,532.0,532.0,267
la loma,1830.9876708757638,san bartolo tutotepec,1089.0,1089.0,1089.0,268
el mirador,1830.9876708757638,san isidro,700.0,700.0,700.0,269
finca nueva linda,1830.9876708757638,la concordia,1380.0,1380.0,1380.0,270
campo das flores,1830.9876708757638,south of minas,1000.0,1000.0,1000.0,271
são francisco da serra,1830.9876708757638,mogiana,950.0,950.0,950.0,272
fazenda do lobo,1830.9876708757638,south of minas,1000.0,1000.0,1000.0,273
capoeirinha,1830.9876708757638,south of minas,905.0,905.0,905.0,274
kan tou mountain coffee 崁頭山咖啡館,1830.9876708757638,"dongshan dist., tainan city 臺南市東山區",700.0,800.0,750.0,275
Unknown,1830.9876708757638,chapadão de ferro (cerrado mineiro),1812.3495975560081,1849.6257441955195,1830.9876708757638,276
alishan zou zhu yuan 阿里山鄒築園,1830.9876708757638,chiayi alishan 嘉義縣阿里山鄉,1300.0,1300.0,1300.0,277
santa maria,1830.9876708757638,santa catarina juquila,1400.0,1400.0,1400.0,278
fazenda capoeirnha,1830.9876708757638,south of minas,894.0,894.0,894.0,279
capoeirinha,1830.9876708757638,south of minas,872.0,872.0,872.0,280
isule farmers group,1830.9876708757638,"kasese, mt. rwenzori",1473.0,1473.0,1473.0,281
ibanda farmers group,1830.9876708757638,"kasese, mt. rwenzori",1645.0,1645.0,1645.0,282
apollo estate,1830.9876708757638,vietnam cau dat,1550.0,1550.0,1550.0,283
el chile,1830.9876708757638,nuevo oriente,1300.0,1800.0,1550.0,284
nueva granada,1830.9876708757638,"el tumbador, san marcos",1371.6,1371.6,1371.6,285
fazenda santo antonio,1830.9876708757638,high mogiana,900.0,1100.0,1000.0,286
雅慕伊,1830.9876708757638,嘉義阿里山,1200.0,1200.0,1200.0,287
kabeywa county,1830.9876708757638,kapchorwa,1800.0,1800.0,1800.0,288
grupo medina (pequeños productores),1830.9876708757638,antigua,1500.0,1500.0,1500.0,289
sertao farm,1830.9876708757638,sul de minas,1250.0,1250.0,1250.0,290
vegas,1830.9876708757638,coatepec,750.0,750.0,750.0,291
finca la estancia,1830.9876708757638,atoyac de alvarez,1200.0,1200.0,1200.0,292
las lomas,1830.9876708757638,coatepec,1200.0,1200.0,1200.0,293
Unknown,1830.9876708757638,Colombia,1812.3495975560081,1849.6257441955195,1830.9876708757638,294
various,1830.9876708757638,huila,1500.0,1750.0,1625.0,295
la igualdad,1830.9876708757638,"la reforma, san marcos",1371.6,1371.6,1371.6,296
santa josefita,1830.9876708757638,apaneca,1350.0,1350.0,1350.0,297
Unknown,1830.9876708757638,guayata,1500.0,1500.0,1500.0,298
-,1830.9876708757638,"blida,kercha,guji,oromia",2000.0,2000.0,2000.0,299
佐佑品咖啡莊園,1830.9876708757638,台東太麻里,775.0,775.0,775.0,300
kalugmanan agri development corp.,1830.9876708757638,"bukidnon, mindanao, philppines",1200.0,1200.0,1200.0,301
"several, bukidnon, mindanao, philippines",1830.9876708757638,asia pacific,1600.0,1600.0,1600.0,302
pinzoneno,1830.9876708757638,cuarenteño,1059.0,1059.0,1059.0,303
fiech (mixed producers),1830.9876708757638,chiapas,1300.0,1300.0,1300.0,304
fazenda pantano,1830.9876708757638,cerrado,11000.0,11000.0,11000.0,305
nyapea coffee farmers,1830.9876708757638,west nile,1400.0,1400.0,1400.0,306
Unknown,1830.9876708757638,antioquia,1450.0,1450.0,1450.0,307
el regalito,1830.9876708757638,petatlan,1248.0,1248.0,1248.0,308
"apollo co., ltd.",1830.9876708757638,don duong,1040.0,1040.0,1040.0,309
el jabali,1830.9876708757638,la cumbre,1400.0,1400.0,1400.0,310
el barbaro,1830.9876708757638,"el balsamo, quezaltepec",1250.0,1250.0,1250.0,311
gicumbi,1830.9876708757638,gicumbi,1900.0,1900.0,1900.0,312
apollo estate,1830.9876708757638,vietnam tutra,1040.0,1040.0,1040.0,313
santa fé 2,1830.9876708757638,cerrado,900.0,900.0,900.0,314
Unknown,1830.9876708757638,huila,1200.0,2000.0,1600.0,315
"kampung keling, jumaraj, gurusinga, gongsol",1830.9876708757638,berastagi,1200.0,1200.0,1200.0,316
Unknown,1830.9876708757638,santander,1800.0,1800.0,1800.0,317
burka coffee estate,1830.9876708757638,arusha,1400.0,1400.0,1400.0,318
Unknown,1830.9876708757638,la concordia,1550.0,1550.0,1550.0,319
santa rosa,1830.9876708757638,veracruz,1250.0,1250.0,1250.0,320
providencia,1830.9876708757638,santa rosa,1100.0,1100.0,1100.0,321
linda vista,1830.9876708757638,santa rosa,1800.0,1800.0,1800.0,322
las merceditas,1830.9876708757638,san marcos,1700.0,1700.0,1700.0,323
las delicias,1830.9876708757638,santa rosa,1219.2,1219.2,1219.2,324
la esmeralda,1830.9876708757638,oriente,1219.2,1219.2,1219.2,325
various,1830.9876708757638,sapan toraja,1500.0,1500.0,1500.0,326
la esmeralda,1830.9876708757638,el progreso,157.8864,157.8864,157.8864,327
大鋤花間 (hoe vs. flower coffee farm),1830.9876708757638,"台南市東山區( dongshan dist., tainan city)",650.0,650.0,650.0,328
la montaña,1830.9876708757638,cacahuatique,1250.0,1250.0,1250.0,329
man ganna estate,1830.9876708757638,yunnan,1100.0,1100.0,1100.0,330
pu'er lingdu yunlin coffee co.ltd,1830.9876708757638,menglian,1500.0,1500.0,1500.0,331
msese,1830.9876708757638,mzuzu,1442.0,1442.0,1442.0,332
Unknown,1830.9876708757638,huila,165.0,165.0,165.0,333
several,1830.9876708757638,antioquia,1300.0,1300.0,1300.0,334
san lorenzo,1830.9876708757638,chiapas,1550.0,1550.0,1550.0,335
tlamatoca,1830.9876708757638,veracruz,1200.0,1200.0,1200.0,336
Unknown,1830.9876708757638,atoyac de alvarez,1200.0,1200.0,1200.0,337
supply chain ecom cca s.a.,1830.9876708757638,south huila,1400.0,1850.0,1625.0,338
hacienda la esmeralda,1830.9876708757638,boquete,1100.0,1100.0,1100.0,339
capoeirinha,1830.9876708757638,south of minas,890.0,890.0,890.0,340
savan coffee bean,1830.9876708757638,"paksong,laos",1300.0,1300.0,1300.0,341
el barbaro,1830.9876708757638,"el balsamo, quezaltepec",1200.0,1200.0,1200.0,342
santa maria,1830.9876708757638,monte carmelo,1812.3495975560081,1849.6257441955195,1830.9876708757638,343
nitin,1830.9876708757638,karatu arusha,1700.0,1700.0,1700.0,344
ampcg,1830.9876708757638,mbinga,1550.0,1550.0,1550.0,345
伊娜咖啡莊園,1830.9876708757638,嘉義阿里山,1200.0,1200.0,1200.0,346
los llanitos,1830.9876708757638,la yerba,1296.0,1296.0,1296.0,347
bugisu shamba,1830.9876708757638,mt elgon,1400.0,1900.0,1650.0,348
zhuo wu shan coffee 卓武山咖啡農場,1830.9876708757638,chiayi alishan 嘉義縣阿里山鄉,1240.0,1240.0,1240.0,349
m10,1830.9876708757638,phahi,1500.0,1500.0,1500.0,350
Unknown,1830.9876708757638,El Salvador,1812.3495975560081,1849.6257441955195,1830.9876708757638,351
finca monte grande,1830.9876708757638,Mexico,1100.0,1100.0,1100.0,352
finca castillos,1830.9876708757638,mahuixtlan,950.0,950.0,950.0,353
林園咖啡 lin yuan coffee,1830.9876708757638,國姓鄉 guoshing township,1050.0,1050.0,1050.0,354
small holders farmer,1830.9876708757638,aceh,1200.0,1300.0,1250.0,355
Unknown,1830.9876708757638,chiangrai,1400.0,1500.0,1450.0,356
lubanda amcos,1830.9876708757638,ikand village,1317.0,1317.0,1317.0,357
mt.elgon sipi falls cheema,1830.9876708757638,eastern,1400.0,1900.0,1650.0,358
various,1830.9876708757638,huila,1750.0,1750.0,1750.0,359
jamaica,1830.9876708757638,oaxaca,1250.0,1250.0,1250.0,360
la timbuchera; el ocotito y la hortaliza,1830.9876708757638,colima,1150.0,1150.0,1150.0,361
various,1830.9876708757638,bali,1250.0,1250.0,1250.0,362
las cuchillas,1830.9876708757638,comayagua,1400.0,1400.0,1400.0,363
shah plantation,1830.9876708757638,karatu arusha,1600.0,1600.0,1600.0,364
amkeni,1830.9876708757638,moshi,1812.3495975560081,1849.6257441955195,1830.9876708757638,365
finca san el retiro,1830.9876708757638,chiapas,1500.0,1700.0,1600.0,366
la esperanza y anexos,1830.9876708757638,oriente,1310.64,1310.64,1310.64,367
la pagua,1830.9876708757638,san bartolo tutotepec,1679.0,1679.0,1679.0,368
caltuchoco,1830.9876708757638,zapotitlan de mendez,1100.0,1100.0,1100.0,369
santa cruz - pante don manuel,1830.9876708757638,la concordia,1650.0,1650.0,1650.0,370
various,1830.9876708757638,oriente,1812.3495975560081,1849.6257441955195,1830.9876708757638,371
carrillo cooperativa,1830.9876708757638,"comayagua, honduras",1500.0,1500.0,1500.0,372
providencia,1830.9876708757638,santa rosa,1812.3495975560081,1849.6257441955195,1830.9876708757638,373
Unknown,1830.9876708757638,guayata,1600.0,1600.0,1600.0,374
menglian gao sanlin coffee factory,1830.9876708757638,yunnan,1600.0,1600.0,1600.0,375
nguruma,1830.9876708757638,arusha meru,2285.0,2285.0,2285.0,376
fazenda serra negra,1830.9876708757638,south of minas,1000.0,1000.0,1000.0,377
cipresal,1830.9876708757638,chiapas,1560.0,1560.0,1560.0,378
pante san pedro,1830.9876708757638,san pedro cotzilnam,1400.0,1400.0,1400.0,379
"cafetal el equimite, rancho agroecológico",1830.9876708757638,coatepec,1300.0,1300.0,1300.0,380
los barreales 1112lbcat_s110312,1830.9876708757638,xalapa,1170.0,1170.0,1170.0,381
corral del diablo lote 1,1830.9876708757638,zihuatanejo de azueta,1300.0,1300.0,1300.0,382
cañada fria,1830.9876708757638,veracruz,1350.0,1350.0,1350.0,383
finca nextlalpa,1830.9876708757638,xicotepec de juarez,1150.0,1150.0,1150.0,384
santa rosa,1830.9876708757638,progreso santa rosa teocelo,1250.0,1250.0,1250.0,385
fln mirador,1830.9876708757638,fln mirador,1450.0,1450.0,1450.0,386
santa mariana,1830.9876708757638,south of minas,1812.3495975560081,1849.6257441955195,1830.9876708757638,387
los hicaques,1830.9876708757638,comayagua,1396.0,1396.0,1396.0,388
fazenda são pedro,1830.9876708757638,cerrado,982.0,982.0,982.0,389
rio jorco,1830.9876708757638,tarrazu,1550.0,1550.0,1550.0,390
yun lan coffee co. ltd,1830.9876708757638,xishuangbanna prefecture,1580.0,1580.0,1580.0,391
rio verde,1830.9876708757638,south of minas,1268.0,1268.0,1268.0,392
finca loma linda y anexo,1830.9876708757638,huehuetenango,1676.4,1676.4,1676.4,393
utchisi mountain,1830.9876708757638,mzuzu,1450.0,1450.0,1450.0,394
rio verde,1830.9876708757638,south of minas,1100.0,1100.0,1100.0,395
guo cun nong yuan 國村農園,1830.9876708757638,changhua baguashan 彰化市八卦山,200.0,200.0,200.0,396
yu jin gui 玉金櫃咖啡,1830.9876708757638,taichung xinshe 台中市新社區,600.0,600.0,600.0,397
santa teresa,1830.9876708757638,"la concordia, chiapas",1300.0,1300.0,1300.0,398
finca el morito,1830.9876708757638,jalapa,1676.4,1828.8,1752.6,399
tepemalacax,1830.9876708757638,"jaltocan, hidalgo",441.0,441.0,441.0,400
finca los barreales 1112lbga7250412,1830.9876708757638,veracruz,1170.0,1170.0,1170.0,401
sitío santa luzia,1830.9876708757638,grama valley,1100.0,1100.0,1100.0,402
cafetal santa maria,1830.9876708757638,santa catarina juquila,1200.0,1400.0,1300.0,403
café citrus,1830.9876708757638,south of minas,950.0,950.0,950.0,404
fazendas klem ltda,1830.9876708757638,brazil matas de minas,1100.0,1100.0,1100.0,405
linda vista,1830.9876708757638,nuevo oriente,1450.0,1450.0,1450.0,406
zapato de mico,1830.9876708757638,apaneca,1500.0,1500.0,1500.0,407
bethel,1830.9876708757638,marcala,1350.0,1350.0,1350.0,408
kachere,1830.9876708757638,mzuzu,1180.0,1180.0,1180.0,409
guo xing ka fei wang 國姓咖啡王咖啡莊園,1830.9876708757638,nantou,650.0,650.0,650.0,410
finca huehuetecpan,1830.9876708757638,veracruz,1338.0,1338.0,1338.0,411
omicuatla,1830.9876708757638,"calnali, hidalgo",533.0,533.0,533.0,412
finca medina,1830.9876708757638,antigua,1390.8024,1390.8024,1390.8024,413
los barreales 1112lbgr7230412,1830.9876708757638,veracruz,1170.0,1170.0,1170.0,414
jamaica,1830.9876708757638,juquila,1250.0,1250.0,1250.0,415
chilcuatla,1830.9876708757638,veracruz,1100.0,1100.0,1100.0,416
comunidad de canoas,1830.9876708757638,canoas,900.0,900.0,900.0,417
caxambu,1830.9876708757638,Brazil,1812.3495975560081,1849.6257441955195,1830.9876708757638,418
fazenda capoeirnha,1830.9876708757638,south of minas,934.0,934.0,934.0,419
langiro farm group,1830.9876708757638,ruvuma,1500.0,1800.0,1650.0,420
Unknown,1830.9876708757638,northern,1600.0,1600.0,1600.0,421
blue lake,1830.9876708757638,atitlan,1500.0,1500.0,1500.0,422
Unknown,1830.9876708757638,cerrado,1812.3495975560081,1849.6257441955195,1830.9876708757638,423
ilomba 2,1830.9876708757638,"ilomba vilage, mbozi",1700.0,1700.0,1700.0,424
Unknown,1830.9876708757638,"la concordia, chiapas",1200.0,1600.0,1400.0,425
song yue coffee 嵩岳咖啡,1830.9876708757638,yunlin 雲林縣石壁,1200.0,1200.0,1200.0,426
kan tou mountain coffee 崁頭山咖啡館,1830.9876708757638,"dongshan dist., tainan city 臺南市東山區",800.0,800.0,800.0,427
el nanchi,1830.9876708757638,san bartolo tutotepec,1144.0,1144.0,1144.0,428
Unknown,1830.9876708757638,oriente,1350.0,1350.0,1350.0,429
las truchas,1830.9876708757638,altotonga,1000.0,1000.0,1000.0,430
"la calera, barranca de la leona, el nogal",1830.9876708757638,colima,1200.0,1200.0,1200.0,431
various,1830.9876708757638,aceh gayo,1300.0,1300.0,1300.0,432
el patalillo,1830.9876708757638,tres rios,1200.0,1400.0,1300.0,433
ampcg,1830.9876708757638,kilimanjaro,1500.0,1500.0,1500.0,434
ngorogoro convenant estate,1830.9876708757638,ngorogoro,1500.0,1700.0,1600.0,435
cafetalera aquiares,1830.9876708757638,turrialba,13.0,13.0,13.0,436
Unknown,1830.9876708757638,tapachula,1800.0,1800.0,1800.0,437
bola de oro,1830.9876708757638,coatepec,1250.0,1250.0,1250.0,438
tomatlancillo,1830.9876708757638,veracruz,1250.0,1250.0,1250.0,439
las moras,1830.9876708757638,el paraíso,1600.0,1600.0,1600.0,440
las moras,1830.9876708757638,guinope el paraíso,1600.0,1600.0,1600.0,441
capoeirinha,1830.9876708757638,south of minas,944.0,944.0,944.0,442
family farm,1830.9876708757638,kilimanjaro,1500.0,1800.0,1650.0,443
club green,1830.9876708757638,lao p.d.r.,1250.0,1250.0,1250.0,444
finca estate,1830.9876708757638,meru,1300.0,1400.0,1350.0,445
chikali,1830.9876708757638,mzuzu,2500.0,2500.0,2500.0,446
"you siang coffee farmtainan, taiwan 台灣台南優香咖啡",1830.9876708757638,"dongshan dist., tainan city 臺南市東山區",600.0,600.0,600.0,447
bsr,1830.9876708757638,occidental,1400.0,1400.0,1400.0,448
gao chun fang 高醇坊,1830.9876708757638,"dongshan dist., tainan city 臺南市東山區",600.0,700.0,650.0,449
la ceiba,1830.9876708757638,coscomatepec,940.0,940.0,940.0,450
são josé da lagoa,1830.9876708757638,cerrado,1050.0,1050.0,1050.0,451
el faro,1830.9876708757638,san marcos,1812.3495975560081,1849.6257441955195,1830.9876708757638,452
santa mariana/são vicente,1830.9876708757638,south of minas,950.0,950.0,950.0,453
la esperanza,1830.9876708757638,oriente,1901.0,1901.0,1901.0,454
santa bárbara,1830.9876708757638,monte carmelo,1020.0,1020.0,1020.0,455
la esperanza,1830.9876708757638,"el balsamo, quezaltepec",1250.0,1250.0,1250.0,456
las cebollas y anexos,1830.9876708757638,nuevo oriente,1300.0,1800.0,1550.0,457
mcomafa farm no1155gr,1830.9876708757638,mbeya,1877.0,1877.0,1877.0,458
mubuyu munali,1830.9876708757638,mubuyu estate,1000.0,1500.0,1250.0,459
platanal,1830.9876708757638,"chapulhuacan, hidalgo",981.0,981.0,981.0,460
texpanco,1830.9876708757638,"huazalingo, hidalgo",690.0,690.0,690.0,461
la laja,1830.9876708757638,veracruz,1650.0,1650.0,1650.0,462
sitío corrego da olaria/são caetano,1830.9876708757638,grama valley,1100.0,1100.0,1100.0,463
la esmeralda,1830.9876708757638,oriente,157.8864,157.8864,157.8864,464
helena,1830.9876708757638,monte carmelo,973.0,973.0,973.0,465
mudar,1830.9876708757638,bali,1250.0,1250.0,1250.0,466
wat-ka-bu,1830.9876708757638,ywar ngan,4001.0,4001.0,4001.0,467
rancho bonito,1830.9876708757638,chiapas,1350.0,1500.0,1425.0,468
cerro bueno,1830.9876708757638,marcala,1400.0,1400.0,1400.0,469
gao chun fang 高醇坊,1830.9876708757638,"dongshan dist., tainan city 臺南市東山區",700.0,700.0,700.0,470
dozen small farmer,1830.9876708757638,lington nihuta,1300.0,1300.0,1300.0,471
kakoma,1830.9876708757638,kakoma,1556.0,1556.0,1556.0,472
gran manzana y el aguacate,1830.9876708757638,comayagua,1350.0,1350.0,1350.0,473
various,1830.9876708757638,"siltepec el triunfo, chiapas, mexico",1550.0,1550.0,1550.0,474
finca muxbal,1830.9876708757638,veracruz,1500.0,1500.0,1500.0,475
el deseo,1830.9876708757638,coatepec,1250.0,1250.0,1250.0,476
apollo estate,1830.9876708757638,vietnam,1040.0,1040.0,1040.0,477
los magueyes,1830.9876708757638,"tenango de doria, hidalgo",774.0,774.0,774.0,478
finca tepictla,1830.9876708757638,tepictla,1250.0,1250.0,1250.0,479
"arroyo triste, arroyo triste, san jose vista hermosa",1830.9876708757638,oaxaca,1100.0,1100.0,1100.0,480
santa cruz - pante doña graciela,1830.9876708757638,la concordia,1650.0,1650.0,1650.0,481
la esmeralda,1830.9876708757638,santa rosa,1219.2,1219.2,1219.2,482
multiple,1830.9876708757638,mbinga,1200.0,1800.0,1500.0,483
ilomba 1,1830.9876708757638,"ilomba vilage, mbozi",1700.0,1700.0,1700.0,484
rio verde,1830.9876708757638,south of minas,1260.0,1260.0,1260.0,485
Unknown,1830.9876708757638,bener meriah,1812.3495975560081,1849.6257441955195,1830.9876708757638,486
gran manzana y el aguacate,1830.9876708757638,comayagua,1400.0,1400.0,1400.0,487
mu he zi coffee 木盒子咖啡園,1830.9876708757638,changhua baguashan 彰化市八卦山,150.0,150.0,150.0,488
guo xin ka fei 國昕咖啡,1830.9876708757638,nantou,750.0,750.0,750.0,489
union ramal santa cruz,1830.9876708757638,"la concordia, chiapas",1400.0,1400.0,1400.0,490
finca cafetalera la suiza,1830.9876708757638,tuxtla gutierrez,1650.0,1650.0,1650.0,491
Unknown,1830.9876708757638,yajalon,1400.0,1400.0,1400.0,492
ucipa santa catarina,1830.9876708757638,veracruz,1200.0,1200.0,1200.0,493
finca nueva linda,1830.9876708757638,"la concordia, chiapas",1400.0,1400.0,1400.0,494
sacún palma,1830.9876708757638,"sacún palma, municipio de chilón, chiapas",940.0,940.0,940.0,495
various,1830.9876708757638,western region,1200.0,1200.0,1200.0,496
la esperanza,1830.9876708757638,huehuetenango,190164.0,190164.0,190164.0,497
acacia hills,1830.9876708757638,"oldeani , mongola",1800.0,1800.0,1800.0,498
kavuzi,1830.9876708757638,mzuzu,1100.0,1100.0,1100.0,499
jacob's estate 雅谷咖啡,1830.9876708757638,natou county,850.0,850.0,850.0,500
las nubes - pante don jaime,1830.9876708757638,la concordia,1600.0,1600.0,1600.0,501
santa cruz - pante don jaime,1830.9876708757638,la concordia,1650.0,1650.0,1650.0,502
finca las marías,1830.9876708757638,jalapa,1100.0,1100.0,1100.0,503
谷泉咖啡莊園,1830.9876708757638,古坑鄉荷包村尖山坑60號,160.0,200.0,180.0,504
mixed,1830.9876708757638,ywar ngan township,1219.2,1219.2,1219.2,505
several,1830.9876708757638,occidental,1200.0,1200.0,1200.0,506
chinongo,1830.9876708757638,mzuzu,1599.0,1599.0,1599.0,507
various,1830.9876708757638,oriente,1219.2,1219.2,1219.2,508
good mood coffee 馨晴咖啡        ,1830.9876708757638,natou county,900.0,900.0,900.0,509
pereira estate coffee,1830.9876708757638,sul de minas,1200.0,1200.0,1200.0,510
mixed,1830.9876708757638,"dondon, haiti",400.0,1250.0,825.0,511
xu yuan zhang 徐源漳,1830.9876708757638,taichung xinshe 台中市新社區,600.0,600.0,600.0,512
nueva linda,1830.9876708757638,"la concordia, chiapas",1150.0,1150.0,1150.0,513
productor independiente guadalupe victoria,1830.9876708757638,amatenango de la frontera,1600.0,1600.0,1600.0,514
santa maria temaxcalapa,1830.9876708757638,temaxcalapa,1100.0,1100.0,1100.0,515
canoa manzanillo,1830.9876708757638,manzanillo,1000.0,1000.0,1000.0,516
hamburgo 7 arroyos,1830.9876708757638,tapachula,1250.0,1250.0,1250.0,517
el romance azul,1830.9876708757638,atoyac de alvarez,1100.0,1100.0,1100.0,518
"ijen highland, east java",1830.9876708757638,ijen,1200.0,1600.0,1400.0,519
sertao,1830.9876708757638,sul de minas,125.0,125.0,125.0,520
chiquimulja / alpha cafe / senfro,1830.9876708757638,oriente,1812.3495975560081,1849.6257441955195,1830.9876708757638,521
cafetal,1830.9876708757638,veracruz,1100.0,1100.0,1100.0,522
nueva granada,1830.9876708757638,san marcos,1371.6,1371.6,1371.6,523
fazenda rio brilhante,1830.9876708757638,cerrado,1100.0,1100.0,1100.0,524
山彎有機咖啡農場,1830.9876708757638,苗栗三灣,110.0,110.0,110.0,525
chimpumba,1830.9876708757638,mzuzu,1422.0,1422.0,1422.0,526
santo tomas pachuj,1830.9876708757638,"san lucas toliman, solola",1550.0,1550.0,1550.0,527
various,1830.9876708757638,siltepec el triunfo,1550.0,1550.0,1550.0,528
palantla,1830.9876708757638,"huazalingo, hidalgo",763.0,763.0,763.0,529
los brujos,1830.9876708757638,"coatepec, coatepec",1100.0,1100.0,1100.0,530
fazenda sacramento,1830.9876708757638,cerrado,1100.0,1100.0,1100.0,531
sertao farm,1830.9876708757638,mantiqueira de minas,1200.0,1200.0,1200.0,532
bacofa,1830.9876708757638,"davao city, region 11",1400.0,1400.0,1400.0,533
usingini farm,1830.9876708757638,mzuzu,1200.0,1200.0,1200.0,534
cruz verde,1830.9876708757638,veracruz,1000.0,1000.0,1000.0,535
fazendas klem ltda,1830.9876708757638,matas de minas        ,1100.0,1100.0,1100.0,536
jing jing café 晶晶坊青山咖啡教室,1830.9876708757638,"dongshan dist., tainan city 台南市東山區",680.0,680.0,680.0,537
cafetales santa matilde,1830.9876708757638,jinotega,1100.0,1100.0,1100.0,538
el injerto s.a.,1830.9876708757638,huehuetenango,1700.0,1700.0,1700.0,539
shangrilla estate,1830.9876708757638,karatu ngorogoro,1700.0,1700.0,1700.0,540
jia jia coffee 佳佳咖啡莊,1830.9876708757638,nantou,650.0,650.0,650.0,541
finca chanjul,1830.9876708757638,motozintla,1500.0,1500.0,1500.0,542
mviwambi coffee farmers,1830.9876708757638,"ruvuma, mbinga",100.0,2000.0,1050.0,543
los hicaques,1830.9876708757638,central region,1450.0,1450.0,1450.0,544
"irisan, baguio",1830.9876708757638,corillera administrative,1200.0,1200.0,1200.0,545
makoka valley estate,1830.9876708757638,southern- zomba,990.0,1000.0,995.0,546
juliana,1830.9876708757638,monte carmelo,1812.3495975560081,1849.6257441955195,1830.9876708757638,547
fazenda são sebastião,1830.9876708757638,south of minas,1000.0,1000.0,1000.0,548
fazenda são josé mirante,1830.9876708757638,alta paulista (sao paulo),695.0,695.0,695.0,549
Unknown,1830.9876708757638,central america,1706.88,1706.88,1706.88,550
mwalyego amcos,1830.9876708757638,"iwala village, mbeya rural",1456.0,1456.0,1456.0,551
santa laura,1830.9876708757638,naranjo,1500.0,1500.0,1500.0,552
"san fernando, chiapas",1830.9876708757638,san fernando,1650.0,1650.0,1650.0,553
cafetal sinai,1830.9876708757638,santo reyes nopala,1300.0,1300.0,1300.0,554
Unknown,1830.9876708757638,santa maria sitepec,1642.0,1642.0,1642.0,555
el desmoronado,1830.9876708757638,talpa de allende,1200.0,1200.0,1200.0,556
Unknown,1830.9876708757638,United States (Hawaii),1812.3495975560081,1849.6257441955195,1830.9876708757638,557
cachoeira da grama farm,1830.9876708757638,grama valley,1812.3495975560081,1849.6257441955195,1830.9876708757638,558
santa josefita,1830.9876708757638,apaneca,1450.0,1450.0,1450.0,559
jing jing café 晶晶坊青山咖啡教室,1830.9876708757638,"dongshan dist., tainan city 臺南市東山區",758.0,758.0,758.0,560
el cerron,1830.9876708757638,san marcos,1350.0,1350.0,1350.0,561
rural cooperative society,1830.9876708757638,arusha,1525.0,1525.0,1525.0,562
kapchorwa,1830.9876708757638,eastern,1700.0,1700.0,1700.0,563
taiwan hao ka 台灣好咖莊園,1830.9876708757638,nantou,1100.0,1100.0,1100.0,564
finca el gavilancillo,1830.9876708757638,"motozintla, chiapas",950.0,950.0,950.0,565
Unknown,1830.9876708757638,adolfo lopez mateos,1100.0,1100.0,1100.0,566
八杞莊園,1830.9876708757638,taiwan,200.0,200.0,200.0,567
thiririka/maara,1830.9876708757638,kiambu,1600.0,1600.0,1600.0,568
finca monte azúl,1830.9876708757638,veracruz,1100.0,1100.0,1100.0,569
sithar coffee farm,1830.9876708757638,pyinoolwin,1066.8,1066.8,1066.8,570
karatu estate,1830.9876708757638,"manyara, karatu",1700.0,1700.0,1700.0,571
張文進莊園,1830.9876708757638,台中新社,550.0,550.0,550.0,572
Unknown,1830.9876708757638,matagalpa,700.0,1400.0,1050.0,573
bi yun si shi yi 碧云四十一咖啡坊,1830.9876708757638,taichung taiping 台中市太平區,900.0,900.0,900.0,574
bai he lin coffee 白鶴林咖啡莊園,1830.9876708757638,nantou,688.0,688.0,688.0,575
heng lu coffee 橫鹿咖啡,1830.9876708757638,new taipei zhonghe 新北市中和區,300.0,300.0,300.0,576
"olotlan, el plan, criollo garnica",1830.9876708757638,ixhuatlan del cafe,1186.0,1186.0,1186.0,577
several,1830.9876708757638,orient,1200.0,1200.0,1200.0,578
la victoria pante nubes,1830.9876708757638,motozintla,1210.0,1210.0,1210.0,579
finca santa clara,1830.9876708757638,oaxaca,1100.0,1100.0,1100.0,580
selva negra,1830.9876708757638,veracruz,100.0,100.0,100.0,581
myaing,1830.9876708757638,ywar ngan,3825.0,3825.0,3825.0,582
cafetales santa matilde,1830.9876708757638,jinotega,110000.0,110000.0,110000.0,583
juan damaso,1830.9876708757638,"siguatepeque, comayagua",1450.0,1450.0,1450.0,584
san josé y el portillo,1830.9876708757638,oaxaca,1200.0,1200.0,1200.0,585
2000 farms,1830.9876708757638,haiti,1000.0,1000.0,1000.0,586
胖胖糖,1830.9876708757638,taiwan,1812.3495975560081,1849.6257441955195,1830.9876708757638,587
darmawi,1830.9876708757638,sumatra brastagi,1200.0,1500.0,1350.0,588
gamboa,1830.9876708757638,tarrazu,185.0,185.0,185.0,589
"el desmoronado, talpan de allende jalisco",1830.9876708757638,"el desmoronado, talpan de allende jalisco",1200.0,1200.0,1200.0,590
burka coffee estates,1830.9876708757638,arusha,1400.0,1400.0,1400.0,591
finca el naranjal,1830.9876708757638,huehuetenango,1383.792,1383.792,1383.792,592
王秋金,1830.9876708757638,taiwan,50.0,50.0,50.0,593
el guayabo,1830.9876708757638,santa rosa,1500.0,1500.0,1500.0,594
la bendicion,1830.9876708757638,ocotepeque,1650.0,1650.0,1650.0,595
cachoeira da grama farm,1830.9876708757638,vale da grama,1250.0,1250.0,1250.0,596
mixed,1830.9876708757638,pyin oo lwin,3800.0,3800.0,3800.0,597
pereira estate coffee,1830.9876708757638,mantiqueira de minas,1250.0,1250.0,1250.0,598
barranca de las flores,1830.9876708757638,huehuetenango,1859.28,1859.28,1859.28,599
peña negra,1830.9876708757638,zaragoza itundujia,1450.0,1450.0,1450.0,600
春風咖啡,1830.9876708757638,南投國姓,600.0,600.0,600.0,601
finca la fany,1830.9876708757638,"department of ahuachapan, municipality of apanecallamatepec mountain",1450.0,1450.0,1450.0,602
alicia's farm,1830.9876708757638,yunnan,1700.0,1700.0,1700.0,603
guoxing farm coffee 國姓農場咖啡        ,1830.9876708757638,nantou,600.0,600.0,600.0,604
copalita,1830.9876708757638,pochutla,1050.0,1050.0,1050.0,605
delfina farm,1830.9876708757638,mkuu rombo,1700.0,1700.0,1700.0,606
kongoni estate,1830.9876708757638,arusha,1812.3495975560081,1849.6257441955195,1830.9876708757638,607
tokoffee莊園,1830.9876708757638,taichung xinshe 台中市新社區,600.0,600.0,600.0,608
la castellana,1830.9876708757638,oriente,1310.64,1310.64,1310.64,609
são rafael_ ra/ras certified,1830.9876708757638,cerrado - monte carmelo - minas gerais,995.0,995.0,995.0,610
las moras,1830.9876708757638,comayagua,1400.0,1400.0,1400.0,611
cortapico,1830.9876708757638,sierra madre occidental,1600.0,1600.0,1600.0,612
waylead farms,1830.9876708757638,"yauk sauk, shan state",914.4,914.4,914.4,613
thein kone,1830.9876708757638,ywar ngan,4287.0,4287.0,4287.0,614
finca el consuelo,1830.9876708757638,matagalpa,900.0,900.0,900.0,615
weng hui ling 翁惠鈴,1830.9876708757638,chiayi fanlu嘉義縣番路鄉,700.0,700.0,700.0,616
several,1830.9876708757638,oriente,1400.0,1400.0,1400.0,617
mirador,1830.9876708757638,"calnali, hidalgo",808.0,808.0,808.0,618
los mesones,1830.9876708757638,jinotega,1100.0,1275.0,1187.5,619
"la orduña, coatepec, veracruz",1830.9876708757638,coatepec,1250.0,1250.0,1250.0,620
el carrizo,1830.9876708757638,zaragoza itundujia,1550.0,1550.0,1550.0,621
el aguacate,1830.9876708757638,veracruz,1000.0,1000.0,1000.0,622
Unknown,1830.9876708757638,mantiqueira de minas,1100.0,1100.0,1100.0,623
好自在咖啡莊園,1830.9876708757638,苗栗泰安,850.0,850.0,850.0,624
sheng he shang pin coffee 聖荷上品咖啡坊,1830.9876708757638,yunlin gukeng he bao 雲林縣古坑鄉荷苞村,200.0,200.0,200.0,625
a shu she coffee 阿束社咖啡莊園,1830.9876708757638,changhua baguashan 彰化市八卦山,150.0,150.0,150.0,626
wu kun shan coffee 吳焜山咖啡園,1830.9876708757638,changhua baguashan 彰化市八卦山,250.0,250.0,250.0,627
el tabaco,1830.9876708757638,zaragoza itundujia,1300.0,1300.0,1300.0,628
Unknown,1830.9876708757638,escuitla,1300.0,1300.0,1300.0,629
doe kwin,1830.9876708757638,"doe kwin, pyin oo lwin",3845.0,3845.0,3845.0,630
various,1830.9876708757638,"sierra fraylesca, chiapas",1300.0,1500.0,1400.0,631
zhang li hong coffee 張立宏咖啡莊園,1830.9876708757638,changhua baguashan 彰化市八卦山,250.0,250.0,250.0,632
"santa clara, california y camila",1830.9876708757638,san miguel del puerto,1100.0,1100.0,1100.0,633
finca buenos aires,1830.9876708757638,"motozintla, chiapas",1100.0,1100.0,1100.0,634
rancho san francisco iii,1830.9876708757638,veracruz,1100.0,1100.0,1100.0,635
finca monte grande,1830.9876708757638,jaltenango,1100.0,1100.0,1100.0,636
finca la orduña,1830.9876708757638,coatepec,1250.0,1250.0,1250.0,637
finca huehuetecpan,1830.9876708757638,veracruz,1250.0,1250.0,1250.0,638
yara estate / benvar estate,1830.9876708757638,kiambu,1500.0,1500.0,1500.0,639
asociación aldea global jinotega,1830.9876708757638,jinotega,1250.0,1250.0,1250.0,640
la cuchilla,1830.9876708757638,veracruz,1300.0,1300.0,1300.0,641
la esperanza,1830.9876708757638,oriente,190164.0,190164.0,190164.0,642
ka-vulungan coffee estate,1830.9876708757638,"taiwu township , pingtung county 屏東縣泰武鄉",800.0,1200.0,1000.0,643
baijiada coffee farm佰加達咖啡莊園,1830.9876708757638,"baihe dist., tainan city 臺南市白河區",500.0,700.0,600.0,644
several,1830.9876708757638,brunca,1100.0,1100.0,1100.0,645
comonyaj noptic s de ss,1830.9876708757638,chiapas,1022.0,1022.0,1022.0,646
el vergel,1830.9876708757638,pochutla,1050.0,1050.0,1050.0,647
genuine antigua medina,1830.9876708757638,antigua,1812.3495975560081,1849.6257441955195,1830.9876708757638,648
finca monte grande,1830.9876708757638,tuxtla gutierrez,1100.0,1100.0,1100.0,649
el encinal,1830.9876708757638,"tenango de doria, hidalgo",975.0,975.0,975.0,650
consolapa,1830.9876708757638,"coatepec, coatepec",1264.0,1264.0,1264.0,651
tepetzingo,1830.9876708757638,tepetzingo,1250.0,1250.0,1250.0,652
las nubes,1830.9876708757638,jinotega,1050.0,1050.0,1050.0,653
su-zhen huang 黃素真,1830.9876708757638,nantou,700.0,700.0,700.0,654
Unknown,1830.9876708757638,cundinamarca,1550.0,1550.0,1550.0,655
casa blanca,1830.9876708757638,"coatepec, coatepec",1100.0,1100.0,1100.0,656
cre-leg l-4,1830.9876708757638,xicotepec de juarez,800.0,800.0,800.0,657
several,1830.9876708757638,pereira,1200.0,1200.0,1200.0,658
el encanto,1830.9876708757638,zentla,950.0,950.0,950.0,659
la gloria,1830.9876708757638,zentla,750.0,750.0,750.0,660
conquista / morito,1830.9876708757638,oriente,1812.3495975560081,1849.6257441955195,1830.9876708757638,661
baishencun coffee farm百勝村咖啡莊園,1830.9876708757638,natou county,850.0,850.0,850.0,662
chapultepec,1830.9876708757638,occidente,1320.0,1320.0,1320.0,663
Unknown,1830.9876708757638,san rafael,1812.3495975560081,1849.6257441955195,1830.9876708757638,664
la tejeria,1830.9876708757638,zaragoza itundujia,1550.0,1550.0,1550.0,665
el delirio,1830.9876708757638,yajalon,1450.0,1450.0,1450.0,666
huanacaxtle,1830.9876708757638,zaragoza itundujia,1500.0,1500.0,1500.0,667
las palmas,1830.9876708757638,tlacuilotepec,1100.0,1100.0,1100.0,668
various,1830.9876708757638,intibuca,1350.0,1350.0,1350.0,669
Unknown,1830.9876708757638,san ignacio,1400.0,1400.0,1400.0,670
Unknown,1830.9876708757638,"iliatenco, guerrero",1300.0,1300.0,1300.0,671
el sauce,1830.9876708757638,zaragoza itundujia,1550.0,1550.0,1550.0,672
pico del oro,1830.9876708757638,amatenango de la frontera,12.0,12.0,12.0,673
la pandora,1830.9876708757638,zaragoza itundujia,1400.0,1400.0,1400.0,674
"la patrona, el trebol, la cadena",1830.9876708757638,veracruz,1320.0,1320.0,1320.0,675
el tesoro,1830.9876708757638,veracruz,1250.0,1250.0,1250.0,676
los encinos,1830.9876708757638,"ohuapan, tlaltetela",1350.0,1350.0,1350.0,677
alicia's farm,1830.9876708757638,yunnan,1850.0,1850.0,1850.0,678
los pinos,1830.9876708757638,yecuatla,1150.0,1150.0,1150.0,679
grapos el porvenir,1830.9876708757638,tapachula,1400.0,1400.0,1400.0,680
cofradia,1830.9876708757638,cofradia de suchitlan,1300.0,1300.0,1300.0,681
various,1830.9876708757638,"sierra, chiapas",1600.0,1600.0,1600.0,682
finca sego,1830.9876708757638,villa talea de castro,1400.0,1400.0,1400.0,683
cerca de los angeles,1830.9876708757638,los angeles,1200.0,1200.0,1200.0,684
el naranjo,1830.9876708757638,zaragoza itundujia,1500.0,1500.0,1500.0,685
llano hermoso,1830.9876708757638,"xochitonalco, huautla        ",1300.0,1300.0,1300.0,686
various,1830.9876708757638,ijen,1300.0,1300.0,1300.0,687
Unknown,1830.9876708757638,cordoba,1050.0,1050.0,1050.0,688
hani,1830.9876708757638,yunnan,1200.0,1200.0,1200.0,689
finca la fortuna,1830.9876708757638,"motozintla, chiapas",850.0,850.0,850.0,690
el regadito,1830.9876708757638,petatlan,1248.0,1248.0,1248.0,691
"dongshan gaoyuan village chief manor coffee tainan, taiwan 台灣台南東山高原村長莊園咖啡",1830.9876708757638,"dongshan dist., tainan city 臺南市東山區",750.0,800.0,775.0,692
rancho los laureles,1830.9876708757638,coatepec,1300.0,1300.0,1300.0,693
finca los andes,1830.9876708757638,"motozintla, chiapas",1200.0,1200.0,1200.0,694
"producer group (approx. 1,000 farmers)",1830.9876708757638,san ignacio,900.0,1500.0,1200.0,695
Unknown,1830.9876708757638,coatepec,1100.0,1100.0,1100.0,696
agua de la mariposa,1830.9876708757638,zaragoza itundujia,1400.0,1400.0,1400.0,697
1,1830.9876708757638,indonesia,3500.0,3500.0,3500.0,698
la joya,1830.9876708757638,tlacuilotepec,1100.0,1100.0,1100.0,699
"zaragoza, montelibano, pamal navil",1830.9876708757638,ocosingo,1200.0,1200.0,1200.0,700
peña campana,1830.9876708757638,huautla de jimenez,1280.0,1280.0,1280.0,701
la cruz,1830.9876708757638,menglian,850.0,850.0,850.0,702
el limón,1830.9876708757638,zaragoza itundujia,1500.0,1500.0,1500.0,703
la orduña,1830.9876708757638,coatepec,1250.0,1250.0,1250.0,704
sierra madre,1830.9876708757638,chiapas,1700.0,1700.0,1700.0,705
las ceibas,1830.9876708757638,"chocaman, veracruz",1140.0,1140.0,1140.0,706
la marina-el orizabeño,1830.9876708757638,xalapa,1200.0,1200.0,1200.0,707
rancho vigia,1830.9876708757638,coatepec,1250.0,1250.0,1250.0,708
various,1830.9876708757638,sierra alta mixe y zapoteca,1200.0,1200.0,1200.0,709
la vuelta,1830.9876708757638,tlatlauquitepec,800.0,800.0,800.0,710
la morena,1830.9876708757638,veracruz,1800.0,1800.0,1800.0,711
various,1830.9876708757638,"sierra norte yajalon, chiapas",1000.0,1000.0,1000.0,712
el centenario,1830.9876708757638,juchique de ferrer,900.0,900.0,900.0,713
200 farms,1830.9876708757638,"department d'artibonite , haiti",350.0,350.0,350.0,714
sethuraman estate,1830.9876708757638,chikmagalur karnataka,1000.0,1000.0,1000.0,715
sethuraman estate kaapi royale,1830.9876708757638,chikmagalur karnataka,1000.0,1000.0,1000.0,716
sethuraman estates,1830.9876708757638,chikmagalur,3000.0,3000.0,3000.0,717
